id,opened,discussion,pullrequest,merged,closed,firstInsiderResponse,totalResponseByContributor,totalResponseByCollaborator,totalResponseByMembers,totalResponseByAuthor,totalResponseByOthers
12897,2022-12-09T03:24:05Z,,,,,,0,0,0,0,0
12898,2022-12-09T06:29:53Z,,2022-12-09T06:29:53Z,,,,0,0,0,0,0
12899,2022-12-11T06:09:44Z,,2022-12-11T06:09:44Z,,2022-12-20T19:14:11Z,,0,0,0,0,0
12900,2022-12-14T19:14:07Z,,,,,,0,0,0,0,0
12901,2022-12-15T04:35:32Z,2022-12-15T08:59:22Z,,,,2022-12-15T08:59:22Z,0,0,2,0,2
12902,2022-12-15T11:00:04Z,2023-02-19T09:31:44Z,,,2023-02-20T17:27:14Z,,0,0,0,1,1
12903,2022-12-16T07:03:27Z,2022-12-16T07:12:02Z,,,2022-12-16T07:12:02Z,2022-12-16T07:12:02Z,0,0,1,1,0
12904,2022-12-16T20:19:42Z,2022-12-17T09:23:36Z,,,2022-12-17T09:23:36Z,2022-12-17T09:23:36Z,0,0,2,4,0
12905,2022-12-19T09:23:04Z,,2022-12-19T09:23:04Z,,,,0,0,0,0,0
12906,2022-12-19T16:54:17Z,,2022-12-19T16:54:17Z,,,,0,0,0,0,0
12907,2022-12-20T06:53:18Z,,2022-12-20T06:53:18Z,,,,0,0,0,0,0
12908,2022-12-20T11:22:49Z,,2022-12-20T11:22:49Z,,2022-12-20T11:40:50Z,,0,0,0,0,0
12909,2022-12-20T13:10:35Z,2022-12-21T01:31:41Z,,,2022-12-21T01:32:03Z,,0,0,0,1,0
12910,2022-12-26T08:18:04Z,,,,,,0,0,0,0,0
12911,2022-12-27T01:25:17Z,,2022-12-27T01:25:17Z,,2022-12-27T09:19:37Z,,0,0,0,0,0
12912,2022-12-27T19:22:51Z,,2022-12-27T19:22:51Z,,2022-12-27T21:38:05Z,,0,0,0,0,0
12913,2022-12-29T05:24:17Z,,,,2022-12-29T05:24:41Z,,0,0,0,0,0
12914,2022-12-29T05:44:00Z,2022-12-29T12:02:54Z,,,2022-12-29T12:02:54Z,2022-12-29T12:02:54Z,0,0,1,0,0
12915,2022-12-31T07:47:35Z,2022-12-31T10:17:27Z,2022-12-31T07:47:35Z,,2022-12-31T10:17:27Z,2022-12-31T10:17:27Z,0,0,1,0,0
12916,2023-01-02T02:10:13Z,2023-01-02T02:11:05Z,2023-01-02T02:10:13Z,,2023-01-02T02:15:38Z,,0,0,0,1,0
12917,2023-01-02T03:36:47Z,2023-03-08T07:41:40Z,2023-01-02T03:36:47Z,,,,0,0,0,0,2
12918,2023-01-04T02:43:38Z,2023-01-09T05:35:37Z,,,2023-01-26T01:18:14Z,,0,0,0,1,1
12919,2023-01-04T09:07:20Z,2023-01-04T09:17:37Z,2023-01-04T09:07:20Z,,2023-01-04T09:16:51Z,2023-01-04T09:17:37Z,0,0,1,0,0
12920,2023-01-04T15:33:28Z,2023-01-04T15:38:15Z,2023-01-04T15:33:28Z,,2023-01-04T15:36:55Z,2023-01-04T15:38:15Z,0,0,1,0,0
12921,2023-01-05T15:31:29Z,,2023-01-05T15:31:29Z,,2023-01-05T18:37:18Z,,0,0,0,0,0
12922,2023-01-07T03:28:02Z,2023-01-07T03:40:41Z,,,2023-01-29T03:29:14Z,2023-01-07T03:40:41Z,0,0,1,1,1
12923,2023-01-07T06:50:29Z,,2023-01-07T06:50:29Z,,2023-01-07T06:50:48Z,,0,0,0,0,0
12924,2023-01-09T06:06:51Z,,,,,,0,0,0,0,0
12926,2023-01-11T17:39:49Z,,2023-01-11T17:39:49Z,,2023-01-11T18:45:53Z,,0,0,0,0,0
12927,2023-01-12T11:44:17Z,,2023-01-12T11:44:17Z,,2023-01-12T14:47:00Z,,0,0,0,0,0
12928,2023-01-13T15:45:52Z,2023-01-22T16:13:54Z,2023-01-13T15:45:52Z,,,,0,0,0,0,2
12929,2023-01-15T18:27:06Z,,,,,,0,0,0,0,0
12930,2023-01-16T02:44:53Z,2023-01-17T03:28:03Z,,,,,0,0,0,1,0
12931,2023-01-16T14:44:34Z,,,,,,0,0,0,0,0
12932,2023-01-17T09:00:11Z,,2023-01-17T09:00:11Z,,,,0,0,0,0,0
12933,2023-01-17T09:15:58Z,,2023-01-17T09:15:58Z,,,,0,0,0,0,0
12934,2023-01-17T17:24:57Z,,2023-01-17T17:24:57Z,,2023-01-17T17:25:54Z,,0,0,0,0,0
12935,2023-01-18T12:27:18Z,,,,,,0,0,0,0,0
12936,2023-01-18T14:36:14Z,2023-02-19T18:40:00Z,,,,,0,0,0,0,1
12937,2023-01-18T18:23:19Z,,,,,,0,0,0,0,0
12938,2023-01-18T21:17:41Z,2023-01-24T18:49:36Z,2023-01-18T21:17:41Z,,,,0,0,0,0,1
12939,2023-01-23T11:58:36Z,2023-01-23T13:20:48Z,,,2023-01-23T13:34:17Z,2023-01-23T13:20:48Z,1,0,1,3,0
12940,2023-01-23T12:01:15Z,2023-01-23T13:11:22Z,2023-01-23T12:01:15Z,,2023-01-23T13:34:31Z,,0,0,0,1,0
12941,2023-01-23T12:50:08Z,,2023-01-23T12:50:08Z,,2023-01-23T12:53:14Z,,0,0,0,0,0
12942,2023-01-24T14:01:32Z,2023-01-24T14:55:05Z,2023-01-24T14:01:32Z,,,2023-01-24T14:55:05Z,0,0,1,2,0
12943,2023-01-26T18:01:39Z,,2023-01-26T18:01:39Z,,2023-01-26T18:02:32Z,,0,0,0,0,0
12944,2023-01-27T09:06:46Z,2023-02-02T09:55:09Z,,,,2023-02-02T10:18:46Z,0,0,1,1,3
12945,2023-01-29T09:19:15Z,2023-03-01T08:21:39Z,,,,,0,0,0,1,1
12946,2023-01-30T06:58:54Z,,2023-01-30T06:58:54Z,,,,0,0,0,0,0
12947,2023-02-02T22:24:49Z,2023-02-17T06:51:17Z,,,,,0,0,0,0,1
12948,2023-02-03T10:02:02Z,2023-02-03T11:19:53Z,,,2023-02-03T11:19:53Z,2023-02-03T11:19:53Z,0,0,1,0,0
12949,2023-02-04T02:35:32Z,,2023-02-04T02:35:32Z,,2023-02-04T18:16:38Z,,0,0,0,0,0
12950,2023-02-04T06:59:47Z,,2023-02-04T06:59:47Z,,2023-02-04T07:15:21Z,,0,0,0,0,0
12951,2023-02-05T06:22:40Z,,2023-02-05T06:22:40Z,,2023-03-18T01:20:13Z,,0,0,0,0,0
12952,2023-02-06T09:39:54Z,2023-02-06T09:43:43Z,,,2023-02-06T09:43:43Z,2023-02-06T09:43:43Z,0,0,1,0,0
12953,2023-02-08T09:56:40Z,2023-03-09T13:09:25Z,2023-02-08T09:56:40Z,,2023-02-08T10:01:41Z,,0,0,0,0,1
12954,2023-02-09T12:26:10Z,2023-02-11T12:54:13Z,,,2023-02-13T10:03:48Z,2023-02-11T12:54:13Z,0,0,7,2,0
12955,2023-02-09T12:32:04Z,2023-02-13T10:04:30Z,2023-02-09T12:32:04Z,,2023-02-13T10:04:30Z,2023-02-13T10:04:30Z,0,0,1,0,0
12956,2023-02-12T09:53:32Z,,2023-02-12T09:53:32Z,,2023-02-12T10:55:24Z,,0,0,0,0,0
12957,2023-02-12T09:56:08Z,,2023-02-12T09:56:08Z,,,,0,0,0,0,0
12958,2023-02-12T15:45:09Z,,2023-02-12T15:45:09Z,,2023-02-12T20:08:22Z,,0,0,0,0,0
12959,2023-02-13T10:11:17Z,,,,,,0,0,0,0,0
12962,2023-02-16T14:03:55Z,,2023-02-16T14:03:55Z,,2023-02-16T14:08:54Z,,0,0,0,0,0
12963,2023-02-16T14:15:21Z,2023-02-16T14:34:11Z,2023-02-16T14:15:21Z,,2023-02-16T14:16:08Z,2023-02-16T14:34:11Z,0,0,1,0,0
12964,2023-02-18T08:49:20Z,,2023-02-18T08:49:20Z,,,,0,0,0,0,0
12965,2023-02-21T02:30:48Z,,,,,,0,0,0,0,0
12966,2023-02-21T07:29:07Z,,,,,,0,0,0,0,0
12967,2023-02-21T13:52:39Z,2023-02-21T14:36:23Z,,,,,0,0,0,1,1
12968,2023-02-25T20:19:33Z,,2023-02-25T20:19:33Z,,2023-02-25T20:23:22Z,,0,0,0,0,0
12969,2023-02-26T15:30:59Z,,2023-02-26T15:30:59Z,,2023-02-26T15:32:13Z,,0,0,0,0,0
12970,2023-02-27T04:12:06Z,2023-02-27T08:21:23Z,,,2023-02-27T08:21:23Z,2023-02-27T08:21:23Z,0,0,1,1,0
12971,2023-02-28T01:35:53Z,2023-02-28T01:54:26Z,,,2023-02-28T01:54:26Z,2023-02-28T01:54:26Z,0,0,1,0,0
12972,2023-02-28T09:38:34Z,2023-02-28T09:42:05Z,2023-02-28T09:38:34Z,,,2023-02-28T09:42:05Z,0,0,1,1,0
12973,2023-03-02T03:42:20Z,2023-03-02T07:20:43Z,,,,,0,0,0,1,0
12974,2023-03-02T06:33:18Z,,2023-03-02T06:33:18Z,,2023-03-02T06:43:41Z,,0,0,0,0,0
12975,2023-03-03T08:35:34Z,2023-03-03T08:55:50Z,,,,,0,0,0,1,1
12976,2023-03-04T08:05:47Z,2023-03-04T08:43:59Z,2023-03-04T08:05:47Z,,2023-03-04T08:43:59Z,2023-03-04T08:43:59Z,0,0,1,0,0
12977,2023-03-06T12:35:55Z,,2023-03-06T12:35:55Z,,2023-03-06T12:46:14Z,,0,0,0,0,0
12978,2023-03-07T23:51:19Z,2023-03-08T18:06:15Z,,,,,0,0,0,1,1
12979,2023-03-07T23:54:12Z,2023-03-09T23:59:41Z,2023-03-07T23:54:12Z,,,,0,0,0,1,0
12980,2023-03-08T10:41:24Z,2023-03-08T11:43:50Z,2023-03-08T10:41:24Z,,2023-03-08T11:43:50Z,2023-03-08T11:43:50Z,0,0,1,0,0
12981,2023-03-09T17:33:54Z,2023-03-10T12:34:54Z,2023-03-09T17:33:54Z,,,,0,0,0,1,0
12982,2023-03-09T18:34:04Z,,2023-03-09T18:34:04Z,,2023-03-09T19:08:57Z,,0,0,0,0,0
12983,2023-03-15T16:11:12Z,,,,,,0,0,0,0,0
12984,2023-03-16T11:37:24Z,,,,,,0,0,0,0,0
12985,2023-03-16T11:54:35Z,,2023-03-16T11:54:35Z,,,,0,0,0,0,0
12986,2023-03-17T02:39:56Z,2023-03-20T08:32:43Z,,,2023-04-03T09:47:40Z,2023-04-03T09:47:40Z,0,0,1,1,0
12987,2023-03-18T13:49:41Z,,2023-03-18T13:49:41Z,,,,0,0,0,0,0
12988,2023-03-20T04:34:42Z,,2023-03-20T04:34:42Z,,,,0,0,0,0,0
12989,2023-03-20T10:27:57Z,,2023-03-20T10:27:57Z,,,,0,0,0,0,0
12990,2023-03-21T01:46:35Z,,,,2023-03-21T11:43:47Z,,0,0,0,0,0
12991,2023-02-08T13:20:20Z,,,,,,0,0,0,0,0
12992,2023-03-22T09:36:54Z,,2023-03-22T09:36:54Z,,2023-04-03T09:47:09Z,,0,0,0,0,0
12993,2023-03-23T05:49:09Z,2023-03-27T01:50:29Z,,,2023-04-03T09:45:25Z,2023-04-03T09:45:25Z,0,0,1,1,0
12994,2023-03-23T08:45:57Z,2023-03-23T09:06:28Z,,,2023-04-03T09:47:02Z,2023-04-03T09:47:02Z,0,0,1,1,0
12995,2023-03-27T10:34:30Z,2023-04-03T09:45:07Z,,,2023-04-03T09:45:07Z,2023-04-03T09:45:07Z,0,0,1,0,0
12996,2023-03-28T02:37:48Z,,,,2023-03-28T05:32:20Z,,0,0,0,0,0
12997,2023-03-30T13:34:29Z,,2023-03-30T13:34:29Z,,,,0,0,0,0,0
12998,2023-04-03T08:37:43Z,,,,,,0,0,0,0,0
12999,2023-04-06T14:05:34Z,,2023-04-06T14:05:34Z,,2023-04-06T14:23:09Z,,0,0,0,0,0
12796,2022-09-20T15:05:31Z,,2022-09-20T15:05:31Z,,2022-09-26T09:02:41Z,,0,0,0,0,0
12797,2022-09-21T07:52:28Z,2022-09-21T07:53:43Z,,,2022-09-21T07:54:51Z,2022-09-21T07:54:51Z,0,0,1,2,1
12798,2022-09-21T08:36:10Z,,2022-09-21T08:36:10Z,,2022-10-11T04:26:39Z,,0,0,0,0,0
12799,2022-09-21T08:42:37Z,2022-09-21T09:01:15Z,,,2022-10-11T04:26:39Z,,0,0,0,1,0
12800,2022-09-23T11:06:35Z,2022-12-15T20:19:20Z,2022-09-23T11:06:35Z,,2022-10-12T13:24:26Z,,0,0,0,0,1
12801,2022-09-26T08:23:38Z,,2022-09-26T08:23:38Z,,,,0,0,0,0,0
12802,2022-09-26T16:08:14Z,2022-09-27T11:51:30Z,,,,2022-10-12T13:28:59Z,0,0,1,1,1
12804,2022-09-27T07:44:44Z,,2022-09-27T07:44:44Z,,2022-09-27T12:25:13Z,,0,0,0,0,0
12805,2022-09-27T10:48:55Z,2022-09-27T11:39:32Z,,,2022-09-27T11:39:32Z,2022-09-27T11:39:32Z,0,0,1,0,0
12806,2022-09-27T11:36:33Z,,2022-09-27T11:36:33Z,,2022-10-12T13:25:26Z,,0,0,0,0,0
12807,2022-09-28T03:08:40Z,2022-10-11T08:48:59Z,,,,2022-10-11T08:48:59Z,0,0,1,0,0
12808,2022-09-28T08:46:31Z,2022-09-29T05:54:31Z,,,2022-09-29T10:18:28Z,2022-09-29T05:54:31Z,1,0,0,0,0
12809,2022-09-29T09:01:27Z,,2022-09-29T09:01:27Z,,2022-09-29T11:58:18Z,,0,0,0,0,0
12810,2022-09-30T02:42:39Z,,2022-09-30T02:42:39Z,,2022-09-30T06:41:59Z,,0,0,0,0,0
12811,2022-10-01T05:37:18Z,2022-10-02T04:22:24Z,,,2022-10-02T04:22:24Z,2022-10-02T04:22:24Z,0,0,1,0,0
12812,2022-10-01T10:29:56Z,,,,2022-10-11T05:26:21Z,,0,0,0,0,0
12813,2022-10-01T10:57:29Z,2022-10-07T01:58:43Z,2022-10-01T10:57:29Z,,2022-10-11T05:26:20Z,,0,0,0,0,1
12814,2022-10-01T15:42:33Z,,2022-10-01T15:42:33Z,,2022-10-01T17:18:18Z,,0,0,0,0,0
12815,2022-10-02T06:43:01Z,2022-10-02T12:53:26Z,,,2022-10-02T12:53:26Z,2022-10-02T12:53:26Z,0,0,1,0,0
12816,2022-10-05T11:52:49Z,,2022-10-05T11:52:49Z,,2022-10-05T13:19:40Z,,0,0,0,0,0
12817,2022-10-05T16:49:40Z,,2022-10-05T16:49:40Z,,2022-10-05T16:59:42Z,,0,0,0,0,0
12818,2022-10-08T18:14:57Z,2022-10-08T18:14:58Z,,,2022-10-08T18:14:59Z,2022-10-08T18:14:58Z,1,0,0,0,0
12819,2022-10-08T18:18:07Z,2022-10-15T00:54:18Z,,,2022-10-11T09:52:00Z,,0,0,0,1,0
12820,2022-10-11T11:51:51Z,,2022-10-11T11:51:51Z,,2022-10-11T11:56:33Z,,0,0,0,0,0
12821,2022-10-11T19:08:15Z,2022-10-11T19:26:18Z,,,2022-10-12T13:23:54Z,,0,0,0,0,2
12822,2022-10-12T09:32:51Z,2022-10-12T09:45:34Z,,,2022-10-12T13:23:55Z,,0,0,0,0,1
12823,2022-10-12T10:50:20Z,2022-10-12T13:39:00Z,,,2022-10-12T13:39:00Z,2022-10-12T13:39:00Z,0,0,1,0,0
12824,2022-10-12T11:49:11Z,2022-10-12T12:19:14Z,,,2022-10-12T12:56:28Z,2022-10-12T12:56:27Z,0,0,1,1,1
12825,2022-10-12T22:25:28Z,2022-10-12T22:34:21Z,,,2022-10-14T02:51:16Z,,0,0,0,2,0
12826,2022-10-13T15:42:24Z,,2022-10-13T15:42:24Z,,,,0,0,0,0,0
12827,2022-10-14T01:53:22Z,2022-10-14T03:07:42Z,,,,,0,0,0,3,5
12828,2022-10-14T01:56:25Z,2022-10-14T03:40:06Z,,,2022-11-14T11:01:23Z,2022-10-14T03:40:06Z,0,0,4,0,0
12829,2022-10-14T03:28:35Z,2022-10-14T07:41:57Z,,,,2022-10-14T07:55:52Z,8,0,0,7,0
12830,2022-10-15T17:12:59Z,,2022-10-15T17:12:59Z,,,,0,0,0,0,0
12831,2022-10-15T18:27:39Z,2022-10-15T18:28:10Z,2022-10-15T18:27:39Z,,2022-10-15T20:57:09Z,,0,0,0,2,0
12832,2022-10-16T08:58:05Z,,,,2022-11-09T09:25:30Z,,0,0,0,0,0
12833,2022-10-16T12:05:02Z,,2022-10-16T12:05:02Z,,2022-10-19T04:48:26Z,,0,0,0,0,0
12834,2022-10-16T12:08:05Z,,2022-10-16T12:08:05Z,,2022-10-16T12:13:23Z,,0,0,0,0,0
12835,2022-10-17T14:50:10Z,2023-03-06T15:31:28Z,,,,,0,0,0,1,3
12836,2022-10-17T15:24:48Z,,2022-10-17T15:24:48Z,,,,0,0,0,0,0
12837,2022-10-18T09:47:01Z,2022-10-18T10:05:59Z,,,2022-11-09T12:36:51Z,2022-10-18T10:05:59Z,0,0,1,1,0
12838,2022-10-19T03:26:24Z,,2022-10-19T03:26:24Z,,,,0,0,0,0,0
12839,2022-10-19T04:35:07Z,,2022-10-19T04:35:07Z,,2022-10-19T04:45:59Z,,0,0,0,0,0
12840,2022-10-19T09:42:30Z,,2022-10-19T09:42:30Z,,2022-11-09T09:25:28Z,,0,0,0,0,0
12841,2022-10-19T14:27:23Z,,,,2022-11-09T09:52:43Z,,0,0,0,0,0
12842,2022-10-19T14:48:59Z,,2022-10-19T14:48:59Z,,2022-11-09T09:52:35Z,,0,0,0,0,0
12843,2022-10-20T11:47:36Z,,,,,,0,0,0,0,0
12844,2022-10-20T13:06:57Z,2022-10-20T13:06:58Z,,,2022-10-20T13:06:59Z,2022-10-20T13:06:58Z,1,0,0,0,0
12845,2022-10-21T00:15:40Z,,2022-10-21T00:15:40Z,,,,0,0,0,0,0
12846,2022-10-22T14:16:44Z,,2022-10-22T14:16:44Z,,2022-10-22T14:39:32Z,,0,0,0,0,0
12847,2022-10-23T20:33:14Z,2022-11-09T09:57:16Z,,,,2022-11-09T09:57:16Z,0,0,1,0,0
12848,2022-10-24T10:33:27Z,2022-11-19T11:57:06Z,,,,,0,0,0,0,2
12849,2022-10-26T13:51:07Z,,2022-10-26T13:51:07Z,,,,0,0,0,0,0
12850,2022-10-26T14:07:02Z,,2022-10-26T14:07:02Z,,,,0,0,0,0,0
12851,2022-10-26T14:19:35Z,,2022-10-26T14:19:35Z,,,,0,0,0,0,0
12852,2022-10-26T14:28:41Z,2022-10-26T14:31:57Z,,,2022-11-09T10:00:15Z,2022-11-09T10:00:15Z,0,0,1,5,0
12853,2022-10-26T14:34:49Z,,2022-10-26T14:34:49Z,,,,0,0,0,0,0
12854,2022-10-26T15:02:04Z,2022-10-28T03:29:10Z,,,2022-11-09T12:05:46Z,,0,0,0,0,1
12855,2022-10-28T10:50:39Z,,2022-10-28T10:50:39Z,,,,0,0,0,0,0
12856,2022-10-28T14:11:38Z,,2022-10-28T14:11:38Z,,,,0,0,0,0,0
12857,2022-10-31T07:03:49Z,,2022-10-31T07:03:49Z,,,,0,0,0,0,0
12858,2022-10-31T14:33:12Z,2022-10-31T18:37:09Z,,,,2022-10-31T18:37:09Z,0,0,2,0,0
12859,2022-11-01T13:21:51Z,,2022-11-01T13:21:51Z,,2022-11-01T13:22:48Z,,0,0,0,0,0
12860,2022-11-01T16:57:41Z,,2022-11-01T16:57:41Z,,2022-11-01T16:59:02Z,,0,0,0,0,0
12861,2022-11-02T13:26:27Z,,2022-11-02T13:26:27Z,,,,0,0,0,0,0
12862,2022-11-02T14:02:47Z,,2022-11-02T14:02:47Z,,,,0,0,0,0,0
12863,2022-11-02T14:07:33Z,,2022-11-02T14:07:33Z,,2022-11-09T08:07:36Z,,0,0,0,0,0
12864,2022-11-03T09:09:50Z,2022-11-09T10:15:47Z,,,2022-11-09T10:15:48Z,2022-11-09T10:15:47Z,0,0,1,1,1
12865,2022-11-03T12:26:25Z,,2022-11-03T12:26:25Z,,2022-11-04T02:30:18Z,,0,0,0,0,0
12866,2022-11-04T02:37:10Z,,2022-11-04T02:37:10Z,,,,0,0,0,0,0
12867,2022-11-04T05:55:40Z,2022-11-04T05:55:41Z,,,2022-11-04T05:55:41Z,2022-11-04T05:55:41Z,1,0,0,0,0
12868,2022-11-05T03:19:46Z,,2022-11-05T03:19:46Z,,,,0,0,0,0,0
12869,2022-11-06T15:53:37Z,,2022-11-06T15:53:37Z,,,,0,0,0,0,0
12870,2022-11-07T16:24:05Z,,2022-11-07T16:24:05Z,,,,0,0,0,0,0
12871,2022-11-09T05:22:49Z,2022-11-09T05:31:42Z,2022-11-09T05:22:49Z,,2022-11-09T05:31:42Z,2022-11-09T05:31:42Z,0,0,2,3,0
12872,2022-11-09T06:28:55Z,,2022-11-09T06:28:55Z,,,,0,0,0,0,0
12873,2022-11-09T06:54:51Z,2022-11-18T10:25:59Z,2022-11-09T06:54:51Z,,,2022-11-18T10:25:59Z,0,0,1,0,0
12874,2022-11-09T10:19:54Z,2022-11-19T03:31:35Z,2022-11-09T10:19:54Z,,,2022-11-19T03:31:35Z,0,0,3,1,0
12875,2022-11-14T09:23:09Z,2022-11-14T10:32:35Z,2022-11-14T09:23:09Z,,2022-11-14T10:32:35Z,2022-11-14T10:32:35Z,0,0,2,2,0
12876,2022-11-14T14:35:59Z,2022-11-14T14:54:36Z,2022-11-14T14:35:59Z,,2022-11-14T14:54:36Z,2022-11-14T14:54:36Z,0,0,1,0,0
12877,2022-11-18T10:15:11Z,,2022-11-18T10:15:11Z,,2022-11-18T10:16:20Z,,0,0,0,0,0
12878,2022-11-18T10:21:52Z,,2022-11-18T10:21:52Z,,2022-12-14T08:43:02Z,,0,0,0,0,0
12879,2022-11-18T11:30:41Z,2022-11-18T11:39:55Z,2022-11-18T11:30:41Z,,,2022-11-18T11:39:55Z,0,0,5,3,0
12880,2022-11-18T17:09:35Z,2022-11-18T23:36:06Z,,,2022-11-18T23:36:29Z,2022-11-18T23:36:06Z,0,0,2,3,0
12881,2022-11-19T03:36:16Z,2022-11-20T07:22:26Z,,,2022-11-21T07:50:29Z,2022-11-21T07:50:29Z,0,0,1,2,4
12882,2022-11-19T10:22:24Z,2022-11-19T11:10:15Z,,,2022-11-19T11:11:20Z,2022-11-19T11:10:15Z,0,0,1,0,0
12883,2022-11-21T15:25:05Z,2022-11-24T06:19:43Z,,,2022-12-01T13:32:08Z,,0,0,0,0,1
12884,2022-11-26T05:22:59Z,2022-11-30T03:32:44Z,,,,,0,0,0,0,1
12885,2022-11-28T08:21:57Z,,2022-11-28T08:21:57Z,,2022-11-28T08:35:56Z,,0,0,0,0,0
12886,2022-11-28T08:22:14Z,,2022-11-28T08:22:14Z,,2022-11-28T08:35:53Z,,0,0,0,0,0
12887,2022-11-28T16:03:57Z,,2022-11-28T16:03:57Z,,,,0,0,0,0,0
12888,2022-11-30T03:40:06Z,2022-11-30T05:58:03Z,2022-11-30T03:40:06Z,,,,0,0,0,1,1
12889,2022-12-01T02:36:08Z,,2022-12-01T02:36:08Z,,2022-12-01T02:36:56Z,,0,0,0,0,0
12890,2022-12-01T08:47:58Z,,2022-12-01T08:47:58Z,,2022-12-01T08:58:30Z,,0,0,0,0,0
12891,2022-12-01T10:33:37Z,2022-12-01T11:44:59Z,,,2022-12-01T11:44:59Z,2022-12-01T11:44:59Z,0,0,1,0,0
12892,2022-12-01T14:21:15Z,,,,,,0,0,0,0,0
12893,2022-12-03T23:08:36Z,,2022-12-03T23:08:36Z,,2022-12-03T23:09:47Z,,0,0,0,0,0
12894,2022-12-06T11:28:23Z,,2022-12-06T11:28:23Z,,2022-12-06T14:35:28Z,,0,0,0,0,0
12895,2022-12-07T15:26:04Z,2022-12-07T16:40:25Z,2022-12-07T15:26:04Z,,2022-12-07T16:40:25Z,2022-12-07T16:40:25Z,0,0,1,0,0
12896,2022-12-08T10:26:59Z,,,,,,0,0,0,0,0
12695,2022-07-24T07:31:16Z,,2022-07-24T07:31:16Z,,2022-07-24T08:15:26Z,,0,0,0,0,0
12696,2022-07-25T05:03:42Z,2022-07-26T03:47:19Z,,,2022-10-11T11:03:38Z,2022-07-26T03:47:19Z,0,0,1,3,2
12697,2022-07-25T06:54:02Z,2022-07-26T03:48:47Z,,,2022-07-26T03:48:47Z,2022-07-26T03:48:47Z,0,0,1,1,0
12698,2022-07-25T10:24:07Z,2022-07-26T03:43:23Z,,,2022-07-26T03:43:23Z,2022-07-26T03:43:23Z,0,0,1,0,0
12699,2022-07-26T02:55:22Z,,,,,,0,0,0,0,0
12700,2022-07-27T02:53:53Z,2022-07-27T07:55:09Z,,,2022-07-29T10:43:59Z,,0,0,0,9,8
12701,2022-07-27T04:28:22Z,2022-07-30T16:29:58Z,,,2022-08-15T07:37:44Z,2022-07-30T16:29:58Z,1,0,0,0,0
12702,2022-07-27T07:34:47Z,2022-07-27T09:49:26Z,,,2022-07-27T09:49:26Z,2022-07-27T09:49:26Z,0,0,1,0,0
12703,2022-07-27T10:53:59Z,,,,2022-08-15T11:06:55Z,,0,0,0,0,0
12704,2022-07-27T12:07:20Z,2022-07-28T02:34:59Z,,,2022-07-29T05:33:18Z,,0,0,0,1,1
12705,2022-07-27T15:13:33Z,,,,2022-08-18T10:15:49Z,,0,0,0,0,0
12706,2022-07-27T15:20:01Z,2022-07-27T15:20:02Z,,,2022-07-27T15:20:03Z,2022-07-27T15:20:02Z,1,0,1,0,0
12707,2022-07-27T15:27:45Z,2022-07-27T15:27:46Z,,,2022-07-27T15:27:46Z,2022-07-27T15:27:46Z,1,0,0,0,0
12708,2022-07-27T20:41:30Z,2022-07-28T03:47:57Z,,,2022-08-19T03:48:14Z,2022-08-19T03:48:14Z,0,0,1,1,3
12709,2022-07-28T01:47:18Z,2022-07-28T02:52:50Z,2022-07-28T01:47:18Z,,2022-07-28T02:52:50Z,2022-07-28T02:52:50Z,0,0,1,0,0
12710,2022-07-28T07:25:28Z,2022-08-06T04:06:25Z,,,2022-08-09T00:48:33Z,2022-08-09T00:48:33Z,0,0,1,0,1
12711,2022-07-28T21:13:15Z,,2022-07-28T21:13:15Z,,2022-07-28T21:19:38Z,,0,0,0,0,0
12712,2022-07-28T21:21:19Z,2022-08-19T03:58:59Z,,,2022-08-19T03:58:59Z,2022-08-19T03:58:59Z,0,0,1,0,0
12713,2022-07-28T22:36:48Z,2022-08-05T03:01:56Z,,,2022-08-18T10:22:32Z,2022-08-05T03:01:56Z,2,0,1,3,2
12714,2022-07-29T08:27:42Z,2022-07-29T22:49:00Z,,,2022-07-30T09:04:51Z,2022-07-29T22:49:00Z,0,0,1,2,1
12715,2022-07-29T08:57:14Z,,2022-07-29T08:57:14Z,,2022-07-29T12:35:38Z,,0,0,0,0,0
12716,2022-07-29T04:17:23Z,2022-07-29T07:47:47Z,,,2022-07-29T09:09:48Z,2022-07-29T09:09:48Z,1,0,0,0,1
12717,2022-07-29T10:06:49Z,2022-08-02T12:29:54Z,,,2022-08-09T00:51:03Z,2022-08-05T16:54:24Z,1,0,0,0,1
12718,2022-07-29T12:23:29Z,2022-08-15T11:59:46Z,,,2022-08-19T04:23:18Z,,0,0,0,0,3
12719,2022-07-29T14:22:44Z,2022-08-15T16:22:25Z,,,2022-10-11T06:58:41Z,2022-08-19T03:09:54Z,0,0,1,1,3
12720,2022-07-29T16:00:45Z,2022-08-18T08:18:20Z,2022-07-29T16:00:45Z,,2022-08-18T08:18:20Z,2022-08-18T08:18:20Z,0,0,1,0,0
12721,2022-08-01T05:55:50Z,2022-08-01T06:11:37Z,2022-08-01T05:55:50Z,,2022-08-01T06:11:37Z,2022-08-01T06:11:37Z,0,0,1,0,0
12722,2022-08-01T06:11:54Z,,2022-08-01T06:11:54Z,,2022-08-01T06:12:43Z,,0,0,0,0,0
12723,2022-08-02T12:13:18Z,2022-08-02T12:17:40Z,2022-08-02T12:13:18Z,,2022-08-02T12:17:40Z,2022-08-02T12:17:40Z,0,0,1,0,0
12724,2022-08-03T02:33:20Z,2022-08-03T03:12:45Z,2022-08-03T02:33:20Z,,2022-08-03T03:12:45Z,2022-08-03T03:12:45Z,0,0,1,0,0
12725,2022-08-03T06:38:17Z,,2022-08-03T06:38:17Z,,2022-08-18T08:12:20Z,,0,0,0,0,0
12726,2022-08-05T18:11:52Z,,,,2022-08-09T00:51:03Z,,0,0,0,0,0
12727,2022-08-05T18:39:50Z,,2022-08-05T18:39:50Z,,2022-08-09T00:50:53Z,,0,0,0,0,0
12728,2022-08-06T09:24:28Z,2022-08-06T09:25:47Z,2022-08-06T09:24:28Z,,2022-08-06T09:25:37Z,,0,0,0,1,0
12730,2022-08-08T12:47:02Z,,,,2022-08-18T07:56:38Z,,0,0,0,0,0
12731,2022-08-09T10:18:23Z,,,,2022-08-15T01:37:09Z,,0,0,0,0,0
12732,2022-08-09T10:22:02Z,,2022-08-09T10:22:02Z,,2022-08-15T01:37:08Z,,0,0,0,0,0
12733,2022-08-10T07:39:21Z,,2022-08-10T07:39:21Z,,2022-08-10T07:39:40Z,,0,0,0,0,0
12734,2022-08-10T09:48:38Z,2022-08-10T16:54:00Z,,,2022-08-10T16:54:19Z,2022-08-10T16:54:00Z,0,0,1,0,0
12735,2022-08-10T10:35:05Z,,2022-08-10T10:35:05Z,,2022-08-18T08:20:28Z,,0,0,0,0,0
12736,2022-08-11T01:23:57Z,,,,2022-08-15T01:53:51Z,,0,0,0,0,0
12737,2022-08-11T08:53:38Z,2022-08-15T01:36:33Z,2022-08-11T08:53:38Z,,2022-08-18T07:56:37Z,2022-08-15T01:36:33Z,2,0,1,2,0
12738,2022-08-12T13:15:49Z,2022-08-18T08:20:06Z,2022-08-12T13:15:49Z,,2022-08-18T08:20:06Z,2022-08-18T08:20:06Z,0,0,1,0,0
12739,2022-08-13T12:55:37Z,,2022-08-13T12:55:37Z,,2022-08-13T13:05:25Z,,0,0,0,0,0
12740,2022-08-13T12:58:21Z,,2022-08-13T12:58:21Z,,2022-08-13T13:05:25Z,,0,0,0,0,0
12741,2022-08-15T06:40:41Z,2022-08-15T08:44:45Z,,,2022-08-15T08:44:45Z,2022-08-15T08:44:45Z,0,0,1,0,0
12742,2022-08-15T11:57:07Z,,,,2022-08-18T07:32:41Z,,0,0,0,0,0
12743,2022-08-15T19:53:32Z,,,,2022-08-18T08:11:48Z,,0,0,0,0,0
12744,2022-08-16T03:33:32Z,,2022-08-16T03:33:32Z,,2022-08-18T08:11:48Z,,0,0,0,0,0
12745,2022-08-16T07:16:57Z,,,,2022-08-18T08:01:01Z,,0,0,0,0,0
12746,2022-08-16T07:19:00Z,2022-08-16T08:39:22Z,,,2022-08-16T08:39:22Z,2022-08-16T08:39:22Z,0,0,1,0,0
12747,2022-08-16T07:19:22Z,2022-08-18T08:01:14Z,2022-08-16T07:19:22Z,,2022-08-18T08:01:00Z,2022-08-18T08:01:14Z,0,0,2,0,0
12748,2022-08-16T09:39:23Z,,,,2022-08-18T07:23:59Z,,0,0,0,0,0
12749,2022-08-17T08:11:14Z,2022-08-17T13:20:59Z,,,2022-08-17T13:20:59Z,2022-08-17T13:20:59Z,0,0,1,0,0
12750,2022-08-17T10:26:58Z,2022-08-18T14:53:42Z,,,,,0,0,0,0,7
12751,2022-08-17T12:37:05Z,2022-08-17T16:19:22Z,2022-08-17T12:37:05Z,,2022-08-17T13:33:44Z,,0,0,0,1,0
12752,2022-08-18T09:58:13Z,2022-08-18T10:27:48Z,,,2022-08-18T10:27:48Z,2022-08-18T10:27:48Z,0,0,1,0,0
12753,2022-08-19T22:52:22Z,,,,2022-08-22T02:28:40Z,,0,0,0,0,0
12754,2022-08-19T23:02:29Z,,2022-08-19T23:02:29Z,,2022-08-22T02:28:39Z,,0,0,0,0,0
12755,2022-08-21T13:02:42Z,,,,2022-08-23T01:19:16Z,,0,0,0,0,0
12756,2022-08-21T18:05:14Z,2022-08-21T18:05:15Z,,,2022-08-21T18:05:16Z,2022-08-21T18:05:15Z,1,0,0,0,0
12757,2022-08-22T11:20:39Z,,2022-08-22T11:20:39Z,,2022-08-23T01:22:46Z,,0,0,0,0,0
12758,2022-08-24T08:24:13Z,2022-08-24T08:36:13Z,,,2022-10-11T05:36:55Z,2022-08-24T08:36:13Z,4,0,0,4,3
12759,2022-08-24T08:35:13Z,,2022-08-24T08:35:13Z,,2022-10-11T05:36:51Z,,0,0,0,0,0
12760,2022-08-24T10:27:35Z,2022-08-24T10:57:34Z,,,2022-08-24T11:29:50Z,2022-08-24T10:57:34Z,2,0,2,2,1
12761,2022-08-25T08:03:59Z,2022-08-25T08:21:37Z,,,2022-08-25T08:21:37Z,2022-08-25T08:21:37Z,0,0,1,0,0
12762,2022-08-26T02:38:11Z,2022-08-26T02:38:12Z,,,2022-08-26T02:38:13Z,2022-08-26T02:38:12Z,1,0,0,0,0
12763,2022-08-26T02:52:57Z,,2022-08-26T02:52:57Z,,,,0,0,0,0,0
12764,2022-08-26T13:16:44Z,,2022-08-26T13:16:44Z,,,,0,0,0,0,0
12765,2022-08-27T17:04:36Z,2022-08-27T17:09:39Z,,,2022-10-11T06:10:59Z,,0,0,0,2,1
12766,2022-08-29T07:28:46Z,,2022-08-29T07:28:46Z,,,,0,0,0,0,0
12767,2022-08-29T08:38:25Z,,2022-08-29T08:38:25Z,,2022-08-29T10:07:32Z,,0,0,0,0,0
12768,2022-08-29T08:51:42Z,2022-08-31T07:47:08Z,,,2022-08-31T07:47:08Z,2022-08-31T07:47:08Z,0,0,2,1,0
12769,2022-08-29T09:53:31Z,2022-08-29T10:07:59Z,,,2022-08-29T10:07:59Z,2022-08-29T10:07:59Z,0,0,1,0,0
12770,2022-08-29T15:24:45Z,,,,,,0,0,0,0,0
12771,2022-08-29T15:52:06Z,,2022-08-29T15:52:06Z,,,,0,0,0,0,0
12772,2022-08-30T11:02:07Z,,2022-08-30T11:02:07Z,,,,0,0,0,0,0
12773,2022-08-31T13:12:50Z,2022-09-20T14:39:22Z,,,,,0,0,0,1,0
12774,2022-09-01T14:46:17Z,2022-10-11T06:20:57Z,,,2022-10-11T06:20:57Z,2022-10-11T06:20:57Z,0,0,1,0,0
12775,2022-09-02T08:16:45Z,2022-09-07T08:01:46Z,,,2022-10-11T06:28:52Z,2022-10-11T06:28:52Z,0,0,1,2,0
12776,2022-09-09T07:14:18Z,2022-09-09T07:15:41Z,,,2022-09-09T07:15:49Z,2022-09-09T07:15:41Z,1,0,1,0,0
12777,2022-09-10T11:40:50Z,2022-09-13T09:11:13Z,,,,2022-10-11T06:34:29Z,0,0,1,0,1
12778,2022-09-12T13:43:38Z,2022-09-18T15:20:26Z,,,2022-11-09T09:35:00Z,2022-09-18T15:20:26Z,1,0,0,0,0
12779,2022-09-13T11:38:35Z,2022-09-13T11:48:45Z,2022-09-13T11:38:35Z,,2022-10-11T06:43:33Z,2022-09-13T11:48:45Z,1,0,0,1,0
12780,2022-09-13T11:45:27Z,,,,2022-10-11T06:44:02Z,,0,0,0,0,0
12781,2022-09-14T13:04:33Z,2022-09-14T13:42:22Z,,,,2022-10-11T06:43:16Z,0,0,1,2,2
12782,2022-09-14T14:40:58Z,2022-09-14T15:58:12Z,,,2022-09-14T15:58:12Z,2022-09-14T15:58:12Z,0,0,1,0,0
12783,2022-09-14T18:46:15Z,2022-10-11T03:45:49Z,,,2022-10-11T03:45:49Z,2022-10-11T03:45:49Z,0,0,1,0,0
12784,2022-09-15T14:32:18Z,2022-10-11T03:46:01Z,2022-09-15T14:32:18Z,,2022-10-11T03:46:01Z,2022-10-11T03:46:01Z,0,0,1,0,0
12785,2022-09-15T17:30:00Z,,2022-09-15T17:30:00Z,,2022-09-15T17:30:30Z,,0,0,0,0,0
12786,2022-09-15T20:37:32Z,2022-10-11T07:44:09Z,,,,2022-10-11T07:44:09Z,0,0,1,0,0
12787,2022-09-16T10:50:55Z,2022-09-16T10:50:56Z,,,2022-09-16T10:50:57Z,2022-09-16T10:50:56Z,1,0,0,0,0
12788,2022-09-17T06:04:43Z,,2022-09-17T06:04:43Z,,2022-09-17T06:07:17Z,,0,0,0,0,0
12789,2022-09-18T15:17:07Z,2022-09-18T15:19:18Z,2022-09-18T15:17:07Z,,2022-11-09T09:34:55Z,2022-09-18T15:19:18Z,1,0,0,1,0
12790,2022-09-19T13:39:02Z,,2022-09-19T13:39:02Z,,2022-09-19T13:40:01Z,,0,0,0,0,0
12791,2022-09-20T07:20:33Z,2022-09-30T02:40:27Z,,,2022-10-11T03:51:06Z,,0,0,0,0,1
12792,2022-09-20T08:18:24Z,2023-03-10T12:34:46Z,2022-09-20T08:18:24Z,,2022-10-11T03:51:05Z,,0,0,0,0,1
12793,2022-09-20T08:22:44Z,,2022-09-20T08:22:44Z,,,,0,0,0,0,0
12794,2022-09-20T10:07:52Z,,2022-09-20T10:07:52Z,,2022-11-28T16:04:03Z,,0,0,0,0,0
12795,2022-09-20T10:13:52Z,2022-10-13T16:01:14Z,2022-09-20T10:13:52Z,,,,0,0,0,2,0
12595,2022-07-01T09:53:52Z,2022-07-02T19:34:36Z,,,2022-07-04T02:39:50Z,2022-07-02T19:34:36Z,1,0,0,0,0
12596,2022-07-01T10:11:04Z,2022-07-01T10:48:15Z,,,2022-07-04T02:23:53Z,2022-07-01T10:48:15Z,0,0,3,2,3
12597,2022-07-01T12:22:15Z,,,,2022-07-04T02:33:44Z,,0,0,0,0,0
12598,2022-07-01T16:50:05Z,2022-07-02T07:23:37Z,,,2022-07-02T07:23:37Z,2022-07-02T07:23:37Z,0,0,1,0,1
12599,2022-07-02T00:25:38Z,2022-07-02T07:22:04Z,,,2022-07-02T07:22:04Z,2022-07-02T07:22:04Z,0,0,1,0,0
12600,2022-07-02T06:14:31Z,,,,2022-07-04T02:56:50Z,,0,0,0,0,0
12601,2022-07-02T15:20:11Z,,2022-07-02T15:20:11Z,,2022-07-04T02:58:42Z,,0,0,0,0,0
12602,2022-07-02T19:33:32Z,2022-07-04T02:40:03Z,2022-07-02T19:33:32Z,,2022-07-04T02:40:03Z,2022-07-04T02:40:03Z,1,0,1,1,0
12603,2022-07-03T07:59:40Z,2022-07-04T02:57:22Z,2022-07-03T07:59:40Z,,2022-07-04T02:57:23Z,2022-07-04T02:57:22Z,0,0,1,0,0
12604,2022-07-03T13:05:08Z,,2022-07-03T13:05:08Z,,2022-07-03T13:06:43Z,,0,0,0,0,0
12605,2022-07-03T13:29:26Z,,2022-07-03T13:29:26Z,,2022-07-04T02:33:44Z,,0,0,0,0,0
12606,2022-07-04T03:44:27Z,2022-07-04T03:58:56Z,,,2022-07-04T03:58:56Z,2022-07-04T03:58:56Z,0,0,1,0,0
12607,2022-07-04T09:18:48Z,2022-07-05T01:52:19Z,,,2022-07-05T02:11:52Z,2022-07-05T01:52:19Z,0,0,2,1,0
12608,2022-07-04T14:18:14Z,2022-07-05T01:28:42Z,,,2022-07-08T02:55:46Z,2022-07-05T01:56:56Z,0,0,1,2,5
12609,2022-07-04T14:40:33Z,2023-01-25T20:24:05Z,2022-07-04T14:40:33Z,,2023-01-25T20:24:05Z,2023-01-25T20:24:05Z,0,0,1,1,0
12610,2022-07-04T15:11:36Z,2022-07-05T02:13:04Z,2022-07-04T15:11:36Z,,2022-07-05T02:13:04Z,2022-07-05T02:13:04Z,0,0,1,0,0
12611,2022-07-04T16:35:06Z,,,,2022-07-05T02:33:28Z,,0,0,0,0,0
12612,2022-07-05T02:07:31Z,,2022-07-05T02:07:31Z,,2022-07-05T02:12:21Z,,0,0,0,0,0
12613,2022-07-05T06:15:00Z,2022-07-05T08:44:16Z,,,2022-07-06T08:13:08Z,2022-07-06T08:13:08Z,0,0,1,2,3
12614,2022-07-05T13:48:07Z,2022-07-05T13:50:23Z,,,2022-07-05T14:54:47Z,2022-07-05T14:54:47Z,0,0,1,1,0
12615,2022-07-05T18:59:00Z,2022-07-05T19:00:29Z,,,2022-07-06T04:50:10Z,2022-07-05T22:15:04Z,0,0,1,3,0
12616,2022-07-05T23:25:41Z,,2022-07-05T23:25:41Z,,2022-07-06T04:59:31Z,,0,0,0,0,0
12617,2022-07-06T01:34:41Z,,,,2022-07-06T03:18:04Z,,0,0,0,0,0
12618,2022-07-06T03:47:46Z,2022-07-06T04:52:45Z,2022-07-06T03:47:46Z,,2022-07-06T04:52:45Z,2022-07-06T04:52:45Z,0,0,1,0,0
12619,2022-07-06T06:11:38Z,,,,2022-07-08T03:19:08Z,,0,0,0,0,0
12620,2022-07-06T06:56:16Z,2022-07-08T03:33:37Z,,,2022-07-11T01:14:54Z,2022-07-08T03:33:37Z,0,0,2,0,0
12621,2022-07-06T10:07:40Z,2022-07-08T05:52:53Z,,,2022-07-08T05:52:53Z,2022-07-08T05:52:53Z,0,0,1,0,2
12622,2022-07-06T10:09:10Z,,,,2022-07-08T02:40:18Z,,0,0,0,0,0
12623,2022-07-06T10:56:28Z,2022-07-16T16:07:09Z,,,,,0,0,0,0,4
12624,2022-07-06T11:52:49Z,,,,2022-07-08T06:49:11Z,,0,0,0,0,0
12625,2022-07-06T14:01:13Z,,,,2022-07-08T07:03:23Z,,0,0,0,0,0
12626,2022-07-06T14:05:15Z,2022-07-08T16:29:30Z,,,2022-07-08T03:42:57Z,,0,0,0,1,0
12627,2022-07-06T15:15:19Z,2022-07-06T15:53:32Z,,,2022-07-08T03:26:50Z,2022-07-08T03:26:50Z,0,0,1,2,6
12628,2022-07-06T18:02:37Z,2022-07-07T08:39:12Z,,,2022-07-08T07:42:39Z,2022-07-07T13:01:32Z,2,0,1,2,8
12629,2022-07-07T02:10:19Z,2022-07-08T01:28:31Z,2022-07-07T02:10:19Z,,2022-07-08T01:28:31Z,2022-07-08T01:28:31Z,0,0,1,0,0
12630,2022-07-07T04:07:13Z,2022-07-07T07:02:04Z,,,2022-07-07T07:19:56Z,,0,0,0,1,1
12631,2022-07-07T03:24:05Z,2022-07-07T07:07:40Z,,,2022-07-07T07:07:40Z,2022-07-07T07:07:40Z,1,0,0,0,0
12632,2022-07-07T08:29:45Z,,,,2022-07-08T01:44:41Z,,0,0,0,0,0
12633,2022-07-07T09:27:32Z,2022-07-08T01:45:00Z,2022-07-07T09:27:32Z,,2022-07-08T01:44:42Z,2022-07-08T01:45:00Z,0,0,1,0,0
12634,2022-07-08T01:19:55Z,2022-07-08T01:46:21Z,2022-07-08T01:19:55Z,,2022-07-08T01:46:21Z,2022-07-08T01:46:21Z,0,0,1,0,0
12635,2022-07-08T02:27:06Z,2022-07-08T02:40:16Z,,,2022-07-08T02:40:16Z,2022-07-08T02:40:16Z,0,0,1,0,0
12636,2022-07-08T07:32:20Z,2022-07-08T07:56:27Z,,,2022-07-12T10:20:09Z,2022-07-08T07:56:27Z,0,0,1,0,1
12637,2022-07-08T10:19:46Z,,,,2022-07-12T09:40:47Z,,0,0,0,0,0
12638,2022-07-08T11:42:29Z,2022-07-08T11:42:30Z,,,2022-07-08T11:42:30Z,2022-07-08T11:42:30Z,1,0,0,0,0
12639,2022-07-08T13:39:27Z,,2022-07-08T13:39:27Z,,2022-07-08T13:40:01Z,,0,0,0,0,0
12640,2022-07-08T16:03:43Z,2022-07-12T09:50:22Z,,,2022-07-12T09:50:22Z,2022-07-12T09:50:22Z,0,0,1,0,0
12641,2022-07-08T16:22:46Z,2022-07-09T04:02:27Z,,,2022-07-13T02:18:04Z,2022-07-09T04:02:27Z,1,0,1,2,0
12642,2022-07-08T18:39:50Z,2022-07-25T08:17:29Z,,,2022-07-13T02:45:12Z,,0,0,0,1,3
12643,2022-07-09T14:47:15Z,2022-07-09T15:27:03Z,,,2022-07-12T10:51:12Z,,0,0,0,2,0
12644,2022-07-09T21:08:57Z,2022-07-09T21:10:45Z,2022-07-09T21:08:57Z,,2022-07-10T12:02:51Z,,0,0,0,1,1
12645,2022-07-10T06:51:35Z,2022-07-12T08:07:48Z,,,2022-07-13T06:27:59Z,2022-07-12T09:59:25Z,0,0,2,2,4
12646,2022-07-10T07:15:13Z,,2022-07-10T07:15:13Z,,2022-07-13T01:47:20Z,,0,0,0,0,0
12647,2022-07-10T22:08:36Z,2022-07-10T22:09:14Z,,,2022-07-10T22:49:31Z,,0,0,0,2,0
12648,2022-07-11T12:16:44Z,,2022-07-11T12:16:44Z,,2022-07-13T01:47:38Z,,0,0,0,0,0
12649,2022-07-12T02:46:32Z,2022-07-12T16:18:17Z,,,2022-07-12T16:18:17Z,2022-07-12T16:18:17Z,0,0,1,1,0
12650,2022-07-12T07:24:03Z,2022-07-12T10:06:57Z,,,2022-07-12T10:06:57Z,2022-07-12T10:06:57Z,0,0,1,1,0
12651,2022-07-12T13:07:56Z,2022-07-12T16:29:24Z,,,,,0,0,0,1,14
12652,2022-07-12T21:53:11Z,,,,2022-07-13T03:01:32Z,,0,0,0,0,0
12653,2022-07-13T01:40:42Z,,2022-07-13T01:40:42Z,,2022-07-13T01:46:39Z,,0,0,0,0,0
12654,2022-07-13T07:24:40Z,2022-07-13T07:36:16Z,,,2022-07-14T02:54:54Z,2022-07-14T02:54:54Z,0,0,1,1,1
12655,2022-07-13T10:14:27Z,2022-07-13T11:32:00Z,,,2022-07-15T08:52:44Z,,0,0,0,0,3
12656,2022-07-13T17:54:15Z,2022-07-15T08:24:21Z,,,2022-07-15T08:24:21Z,2022-07-15T08:24:21Z,0,0,1,0,0
12657,2022-07-14T00:52:05Z,2022-07-14T01:04:36Z,,,2022-07-14T01:04:39Z,,0,0,0,1,0
12658,2022-07-14T01:47:06Z,2022-07-14T01:47:07Z,,,2022-07-14T01:47:08Z,2022-07-14T01:47:07Z,1,0,0,0,0
12659,2022-07-14T03:23:11Z,2022-07-14T14:03:59Z,2022-07-14T03:23:11Z,,2022-07-15T09:05:05Z,2022-07-14T14:03:59Z,1,0,0,1,0
12660,2022-07-14T13:22:56Z,,,,2022-07-15T08:58:17Z,,0,0,0,0,0
12661,2022-07-14T23:37:36Z,,2022-07-14T23:37:36Z,,2022-08-18T08:22:55Z,,0,0,0,0,0
12662,2022-07-15T03:12:47Z,,2022-07-15T03:12:47Z,,,,0,0,0,0,0
12663,2022-07-15T08:40:48Z,2022-07-15T09:04:46Z,2022-07-15T08:40:48Z,,2022-07-15T09:04:46Z,2022-07-15T09:04:46Z,0,0,1,0,0
12664,2022-07-15T12:19:27Z,2022-07-23T12:28:34Z,,,2022-07-16T12:46:52Z,,0,0,0,0,1
12665,2022-07-15T14:43:18Z,2022-07-16T12:26:02Z,,,2022-07-16T12:26:02Z,2022-07-16T12:26:02Z,0,0,1,2,0
12666,2022-07-15T15:39:31Z,,,,2022-07-16T12:21:52Z,,0,0,0,0,0
12667,2022-07-15T15:59:29Z,,,,2022-07-16T13:34:02Z,,0,0,0,0,0
12668,2022-07-15T16:10:49Z,2022-07-15T16:42:57Z,2022-07-15T16:10:49Z,,2022-07-16T12:21:07Z,2022-07-15T16:42:57Z,1,0,0,1,0
12669,2022-07-15T18:10:40Z,2022-07-16T12:47:13Z,2022-07-15T18:10:40Z,,2022-07-16T12:47:13Z,2022-07-16T12:47:13Z,0,0,1,0,0
12670,2022-07-16T02:36:11Z,2022-07-16T02:36:12Z,,,2022-07-16T02:36:13Z,2022-07-16T02:36:12Z,1,0,0,0,0
12671,2022-07-16T03:26:59Z,2022-07-16T12:54:23Z,,,2022-07-16T12:57:41Z,2022-07-16T12:54:23Z,0,0,1,0,0
12672,2022-07-16T04:50:59Z,2022-07-16T04:59:48Z,,,2022-07-16T13:45:58Z,,0,0,0,1,0
12673,2022-07-16T10:56:45Z,2022-07-16T11:56:56Z,,,2022-07-16T13:01:42Z,2022-07-16T13:01:42Z,0,0,1,1,1
12674,2022-07-16T12:15:45Z,,,,2022-07-16T14:03:58Z,,0,0,0,0,0
12675,2022-07-16T15:56:23Z,2022-07-20T03:27:50Z,,,2022-07-20T03:27:50Z,2022-07-20T03:27:50Z,0,0,1,2,0
12676,2022-07-18T05:27:14Z,2022-07-22T01:53:33Z,,,2022-07-22T01:53:33Z,2022-07-22T01:53:33Z,0,0,1,0,0
12677,2022-07-18T09:12:10Z,,2022-07-18T09:12:10Z,,2022-07-20T03:16:02Z,,0,0,0,0,0
12678,2022-07-18T10:30:31Z,2022-07-18T10:36:50Z,,,2022-07-20T03:29:22Z,2022-07-20T03:29:22Z,0,0,1,0,2
12679,2022-07-19T04:33:03Z,2022-07-19T05:20:54Z,,,2022-07-20T03:32:57Z,2022-07-20T03:32:57Z,0,0,1,1,0
12680,2022-07-19T06:22:00Z,2022-07-19T14:48:23Z,,,2022-07-20T03:39:53Z,2022-07-20T03:39:53Z,0,0,2,1,3
12681,2022-07-19T06:42:04Z,2022-07-19T06:50:08Z,,,2022-07-19T06:50:08Z,2022-07-19T06:50:08Z,0,0,1,0,0
12682,2022-07-19T06:56:20Z,2022-07-20T03:08:28Z,,,2022-07-20T03:08:28Z,2022-07-20T03:08:28Z,0,0,1,0,0
12683,2022-07-19T18:44:38Z,2022-07-20T08:39:12Z,,,2022-07-22T02:07:15Z,,0,0,0,0,11
12684,2022-07-20T13:57:37Z,2022-07-20T15:25:39Z,2022-07-20T13:57:37Z,,2022-07-22T02:18:53Z,2022-07-20T15:25:39Z,0,0,1,1,0
12685,2022-07-20T15:24:36Z,2022-07-20T15:26:11Z,,,2022-07-22T02:18:28Z,,0,0,0,1,0
12686,2022-07-21T01:41:23Z,,,,,,0,0,0,0,0
12687,2022-07-21T12:46:40Z,,2022-07-21T12:46:40Z,,2022-07-22T02:18:27Z,,0,0,0,0,0
12688,2022-07-21T13:28:22Z,2022-07-22T02:20:05Z,2022-07-21T13:28:22Z,,2022-07-22T03:21:28Z,2022-07-22T02:20:05Z,0,0,2,1,0
12689,2022-07-21T18:03:35Z,2022-07-22T01:45:00Z,,,,2022-07-22T01:45:00Z,0,0,1,1,9
12690,2022-07-21T20:06:35Z,2022-07-22T01:48:48Z,,,2022-07-22T01:48:48Z,2022-07-22T01:48:48Z,0,0,1,1,0
12691,2022-07-22T04:17:11Z,2022-07-22T08:31:57Z,,,2022-07-22T08:31:57Z,2022-07-22T08:31:57Z,0,0,1,1,0
12692,2022-07-22T09:42:41Z,2022-07-22T09:57:54Z,,,2022-07-22T09:57:54Z,2022-07-22T09:57:54Z,0,0,1,0,0
12693,2022-07-22T11:49:44Z,2022-07-22T12:02:26Z,,,2022-07-22T12:02:26Z,2022-07-22T12:02:26Z,1,0,0,0,0
12694,2022-07-23T05:41:08Z,,2022-07-23T05:41:08Z,,2022-07-24T15:38:37Z,,0,0,0,0,0
12495,2022-03-07T18:44:35Z,,2022-03-07T18:44:35Z,,,,0,0,0,0,0
12496,2022-03-08T06:19:35Z,2022-03-24T08:20:28Z,,,2022-03-24T08:20:28Z,2022-03-24T08:20:28Z,0,0,1,0,0
12497,2022-03-08T09:41:55Z,2022-03-28T11:05:14Z,,,2022-05-20T06:47:01Z,2022-05-20T06:47:01Z,0,0,1,0,8
12498,2022-03-08T11:09:09Z,2022-03-08T11:10:35Z,2022-03-08T11:09:09Z,,2022-03-08T11:19:24Z,,0,0,0,1,0
12499,2022-03-11T08:03:35Z,2022-03-11T08:05:58Z,,,2022-03-11T08:41:22Z,2022-03-11T08:41:22Z,0,0,1,1,1
12500,2022-03-11T11:05:31Z,2022-03-11T18:52:24Z,,,2022-03-11T18:52:24Z,2022-03-11T18:52:24Z,0,0,1,0,0
12501,2022-03-17T12:13:02Z,,2022-03-17T12:13:02Z,,,,0,0,0,0,0
12502,2022-03-21T14:31:44Z,2022-03-21T14:34:38Z,,,2022-03-21T14:34:38Z,,0,0,0,1,0
12503,2022-03-22T17:18:23Z,,2022-03-22T17:18:23Z,,2022-03-22T20:26:22Z,,0,0,0,0,0
12504,2022-03-23T16:50:58Z,2022-07-07T09:52:08Z,2022-03-23T16:50:58Z,,,2022-07-07T09:52:08Z,1,0,0,1,0
12505,2022-03-24T01:34:27Z,2022-03-24T01:41:16Z,,,2022-03-24T01:41:16Z,2022-03-24T01:41:16Z,0,0,1,0,0
12506,2022-03-24T07:42:28Z,2022-03-24T08:21:50Z,,,2022-03-24T08:21:50Z,2022-03-24T08:21:50Z,0,0,1,1,0
12507,2022-03-27T09:58:02Z,2022-03-27T12:09:47Z,,,2022-03-27T12:09:47Z,2022-03-27T12:09:47Z,0,0,1,0,0
12508,2022-03-28T23:10:18Z,2022-03-28T23:10:38Z,2022-03-28T23:10:18Z,,2022-03-29T06:21:42Z,,0,0,0,1,0
12509,2022-03-30T12:21:32Z,2022-03-30T12:55:06Z,,,2022-03-30T13:31:43Z,2022-03-30T14:01:11Z,0,0,1,1,1
12510,2022-03-30T19:46:28Z,,2022-03-30T19:46:28Z,,2022-03-30T19:48:11Z,,0,0,0,0,0
12511,2022-03-31T10:11:02Z,,,,,,0,0,0,0,0
12512,2022-03-31T14:49:41Z,2022-06-01T04:09:35Z,2022-03-31T14:49:41Z,,2022-11-11T21:19:09Z,2022-06-01T04:09:35Z,1,0,0,0,0
12513,2022-04-01T09:55:00Z,2022-04-01T11:02:49Z,,,2022-04-01T11:02:49Z,2022-04-01T11:02:49Z,0,0,1,0,0
12514,2022-04-01T13:28:57Z,,2022-04-01T13:28:57Z,,2022-04-01T13:32:46Z,,0,0,0,0,0
12515,2022-04-05T07:31:17Z,2022-04-05T07:39:26Z,2022-04-05T07:31:17Z,,2022-04-05T07:39:26Z,2022-04-05T07:39:26Z,0,0,1,0,0
12516,2022-04-06T07:06:58Z,2022-04-06T07:59:44Z,,,2022-04-06T09:49:59Z,2022-04-06T07:59:44Z,0,0,2,1,0
12517,2022-04-06T07:10:20Z,2022-04-06T09:50:57Z,2022-04-06T07:10:20Z,,2022-04-06T09:50:58Z,2022-04-06T09:50:57Z,0,0,1,0,0
12518,2022-04-09T12:34:24Z,2022-04-10T06:39:17Z,2022-04-09T12:34:24Z,,2022-04-10T06:47:05Z,,0,0,0,1,0
12519,2022-04-10T03:46:36Z,2022-04-10T08:16:27Z,,,2022-04-10T08:16:27Z,2022-04-10T08:16:27Z,0,0,1,1,0
12520,2022-04-10T09:57:50Z,,2022-04-10T09:57:50Z,,,,0,0,0,0,0
12521,2022-04-11T03:00:57Z,2022-04-11T06:45:29Z,,,2022-04-11T06:45:29Z,2022-04-11T06:45:29Z,0,0,2,0,0
12522,2022-04-15T02:53:51Z,2022-04-15T07:24:42Z,,,2022-04-15T07:24:42Z,2022-04-15T07:24:42Z,0,0,2,2,0
12523,2022-04-17T01:15:56Z,2022-04-18T10:28:20Z,,,,,0,0,0,1,4
12524,2022-04-18T06:48:28Z,,2022-04-18T06:48:28Z,,,,0,0,0,0,0
12525,2022-04-18T07:24:21Z,,2022-04-18T07:24:21Z,,,,0,0,0,0,0
12526,2022-04-18T08:25:19Z,,2022-04-18T08:25:19Z,,,,0,0,0,0,0
12527,2022-04-18T09:39:46Z,,2022-04-18T09:39:46Z,,,,0,0,0,0,0
12528,2022-04-19T03:39:38Z,2022-04-19T09:07:42Z,,,2022-04-19T09:07:42Z,2022-04-19T09:07:42Z,0,0,1,0,0
12529,2022-04-21T08:13:13Z,2022-04-21T08:42:56Z,2022-04-21T08:13:13Z,,2022-04-21T08:42:56Z,2022-04-21T08:42:56Z,0,0,1,0,0
12530,2022-04-21T08:36:18Z,,2022-04-21T08:36:18Z,,2022-04-21T10:03:33Z,,0,0,0,0,0
12531,2022-04-23T06:49:30Z,2022-04-23T08:29:19Z,,,2022-04-23T08:29:19Z,2022-04-23T08:29:19Z,0,0,1,1,0
12532,2022-04-25T06:12:40Z,2022-04-25T06:30:35Z,2022-04-25T06:12:40Z,,2022-04-25T06:30:35Z,2022-04-25T06:30:35Z,0,0,1,0,1
12533,2022-04-29T03:11:04Z,,2022-04-29T03:11:04Z,,2022-04-29T03:17:49Z,,0,0,0,0,0
12534,2022-05-05T12:39:55Z,,2022-05-05T12:39:55Z,,2022-05-05T14:34:38Z,,0,0,0,0,0
12535,2022-05-06T08:30:26Z,2022-05-06T09:04:04Z,,,2022-05-06T09:04:04Z,2022-05-06T09:04:04Z,0,0,2,3,0
12536,2022-05-06T13:57:25Z,2022-05-06T15:08:08Z,,,2022-05-06T15:08:08Z,2022-05-06T15:08:08Z,0,0,1,0,0
12537,2022-05-07T09:35:50Z,2022-05-07T09:35:51Z,,,2022-05-07T09:35:52Z,2022-05-07T09:35:51Z,1,0,0,0,0
12538,2022-05-09T08:10:32Z,2022-05-09T08:17:16Z,,,2022-05-09T08:32:54Z,2022-05-09T08:32:54Z,0,0,1,2,0
12539,2022-05-15T07:10:04Z,,2022-05-15T07:10:04Z,,2022-05-15T09:17:49Z,,0,0,0,0,0
12540,2022-05-21T08:51:57Z,2022-05-21T15:33:23Z,,,2022-05-21T17:42:43Z,2022-05-21T15:33:23Z,0,0,2,0,0
12541,2022-05-23T06:59:40Z,,,,,,0,0,0,0,0
12542,2022-05-24T06:28:29Z,2022-05-24T10:22:02Z,2022-05-24T06:28:29Z,,2022-05-31T03:11:11Z,,0,0,0,1,0
12543,2022-05-25T08:46:07Z,,2022-05-25T08:46:07Z,,2022-05-25T08:49:51Z,,0,0,0,0,0
12544,2022-05-26T08:48:52Z,2022-05-26T09:01:30Z,,,2022-05-26T09:01:30Z,2022-05-26T09:01:30Z,0,0,2,0,0
12545,2022-05-27T09:54:06Z,2022-05-27T09:56:19Z,,,2022-05-27T09:56:19Z,2022-05-27T09:56:19Z,0,0,1,0,0
12546,2022-05-27T19:49:45Z,,2022-05-27T19:49:45Z,,2022-05-27T19:54:55Z,,0,0,0,0,0
12547,2022-05-30T08:17:11Z,2022-05-30T08:37:34Z,,,2022-05-30T08:37:34Z,2022-05-30T08:37:34Z,0,0,1,0,0
12548,2022-05-31T11:53:19Z,2022-05-31T14:04:22Z,2022-05-31T11:53:19Z,,2022-05-31T14:04:22Z,2022-05-31T14:04:22Z,0,0,1,0,0
12549,2022-06-01T10:53:46Z,2022-06-01T15:40:59Z,,,2022-06-01T15:40:59Z,2022-06-01T15:40:59Z,0,0,1,0,0
12550,2022-06-02T08:32:03Z,,2022-06-02T08:32:03Z,,2022-06-06T02:51:18Z,,0,0,0,0,0
12551,2022-06-03T21:25:30Z,2022-06-04T12:46:49Z,2022-06-03T21:25:30Z,,,2022-06-04T17:50:14Z,0,0,1,1,0
12552,2022-06-07T04:24:05Z,,2022-06-07T04:24:05Z,,2022-06-07T04:25:30Z,,0,0,0,0,0
12553,2022-06-07T04:26:55Z,,2022-06-07T04:26:55Z,,2022-06-07T19:05:05Z,,0,0,0,0,0
12554,2022-06-08T08:54:53Z,2022-06-09T19:08:41Z,,,2022-06-20T04:43:19Z,2022-06-09T19:08:41Z,1,0,1,1,2
12555,2022-06-09T10:12:29Z,2022-06-09T10:12:31Z,,,2022-06-09T10:12:31Z,2022-06-09T10:12:31Z,1,0,0,0,0
12556,2022-06-09T17:24:26Z,,2022-06-09T17:24:26Z,,2022-06-09T19:05:55Z,,0,0,0,0,0
12557,2022-06-14T11:37:05Z,2022-06-14T12:59:21Z,,,2022-06-14T12:59:21Z,2022-06-14T12:59:21Z,0,0,1,0,0
12558,2022-06-14T15:17:38Z,,2022-06-14T15:17:38Z,,2022-06-14T15:19:25Z,,0,0,0,0,0
12559,2022-06-17T03:04:30Z,2022-06-17T03:08:51Z,2022-06-17T03:04:30Z,,2022-06-17T04:13:00Z,2022-06-17T04:13:00Z,0,0,1,2,0
12560,2022-06-17T12:13:45Z,,2022-06-17T12:13:45Z,,,,0,0,0,0,0
12561,2022-06-17T13:44:27Z,,,,2022-06-20T05:10:11Z,,0,0,0,0,0
12562,2022-06-17T16:31:25Z,2022-06-20T05:10:32Z,2022-06-17T16:31:25Z,,2022-06-20T05:10:32Z,2022-06-20T05:10:32Z,0,0,1,0,0
12563,2022-06-20T10:33:01Z,,2022-06-20T10:33:01Z,,2022-07-04T03:26:00Z,,0,0,0,0,0
12564,2022-06-20T13:42:27Z,2022-06-21T10:56:15Z,2022-06-20T13:42:27Z,,2022-07-04T03:26:18Z,,0,0,0,0,1
12565,2022-06-20T15:13:59Z,2022-06-20T15:15:03Z,,,2022-06-21T02:44:53Z,2022-06-21T02:44:53Z,0,0,1,1,0
12566,2022-06-20T15:15:41Z,2022-06-21T03:06:05Z,,,2022-06-21T01:41:45Z,2022-06-21T03:06:05Z,0,0,1,0,0
12567,2022-06-21T06:30:10Z,2022-06-21T09:32:01Z,,,2022-06-21T09:32:01Z,2022-06-21T09:32:01Z,0,0,1,3,0
12568,2022-06-21T17:42:11Z,,,,2022-06-22T01:44:49Z,,0,0,0,0,0
12569,2022-06-21T21:31:12Z,2022-07-16T15:51:50Z,,,2022-06-22T02:20:22Z,,0,0,0,1,2
12570,2022-06-22T02:05:34Z,,2022-06-22T02:05:34Z,,2022-06-22T02:09:54Z,,0,0,0,0,0
12571,2022-06-22T07:27:52Z,2022-06-27T06:04:39Z,2022-06-22T07:27:52Z,,2022-06-27T06:50:42Z,2022-06-27T06:04:39Z,1,0,0,0,0
12572,2022-06-22T08:51:32Z,2022-06-22T11:39:21Z,,,2022-06-22T11:39:21Z,2022-06-22T11:39:21Z,0,0,1,1,0
12573,2022-06-22T13:01:31Z,2022-06-27T06:51:35Z,2022-06-22T13:01:31Z,,2022-06-27T06:51:16Z,2022-06-27T06:51:35Z,0,0,1,0,0
12574,2022-06-22T14:20:46Z,,,,2022-06-23T00:35:15Z,,0,0,0,0,0
12575,2022-06-22T16:00:07Z,2022-06-23T00:35:11Z,2022-06-22T16:00:07Z,,2022-06-23T00:35:11Z,2022-06-23T00:35:11Z,0,0,1,0,0
12576,2022-06-22T16:51:23Z,2022-06-22T17:27:21Z,,,2022-06-22T19:44:57Z,2022-06-22T17:27:21Z,0,0,2,0,0
12577,2022-06-22T22:00:32Z,2022-06-23T00:40:51Z,,,2022-06-23T00:40:51Z,2022-06-23T00:40:51Z,0,0,1,0,0
12578,2022-06-23T11:03:21Z,,,,2022-06-26T08:37:36Z,,0,0,0,0,0
12579,2022-06-23T23:05:20Z,2022-06-23T23:14:18Z,,,2022-06-23T23:14:18Z,,0,0,0,1,0
12580,2022-06-24T04:54:48Z,,2022-06-24T04:54:48Z,,2022-06-24T07:45:11Z,,0,0,0,0,0
12581,2022-06-24T08:05:19Z,,2022-06-24T08:05:19Z,,2022-06-27T06:52:28Z,,0,0,0,0,0
12582,2022-06-25T04:44:36Z,2022-06-25T06:32:37Z,2022-06-25T04:44:36Z,,2022-06-25T06:32:37Z,2022-06-25T06:32:37Z,0,0,1,0,0
12583,2022-06-27T19:25:59Z,2022-06-28T01:58:10Z,,,2022-06-28T01:58:10Z,2022-06-28T01:58:10Z,0,0,1,0,0
12584,2022-06-28T09:19:08Z,2022-06-28T09:23:34Z,2022-06-28T09:19:08Z,,2022-06-28T09:23:34Z,2022-06-28T09:23:34Z,0,0,1,0,0
12585,2022-06-29T02:05:14Z,2022-06-29T05:15:25Z,,,2022-06-29T07:07:27Z,2022-06-29T07:07:27Z,0,0,1,0,1
12586,2022-06-29T06:38:29Z,2022-06-29T07:07:01Z,,,2022-06-29T07:07:01Z,2022-06-29T07:07:01Z,2,0,2,3,0
12587,2022-06-29T09:22:16Z,2022-06-30T03:02:15Z,,,2022-06-30T03:02:15Z,2022-06-30T03:02:15Z,0,0,1,0,0
12588,2022-06-29T12:24:45Z,2022-06-29T12:25:28Z,2022-06-29T12:24:45Z,,2022-06-29T13:15:24Z,,0,0,0,1,0
12589,2022-06-29T15:28:00Z,,,,2022-08-23T01:22:47Z,,0,0,0,0,0
12590,2022-06-30T16:52:06Z,,2022-06-30T16:52:06Z,,2022-07-04T04:08:41Z,,0,0,0,0,0
12591,2022-07-01T03:41:27Z,2022-07-01T06:33:22Z,,,2022-07-04T03:39:01Z,2022-07-01T06:33:22Z,2,0,1,2,0
12592,2022-07-01T06:11:12Z,2022-07-01T06:27:56Z,,,2022-07-01T06:36:24Z,2022-07-01T06:36:24Z,0,0,1,0,2
12593,2022-07-01T06:23:52Z,,,,2022-07-05T02:12:21Z,,0,0,0,0,0
12594,2022-07-01T07:20:39Z,2022-07-04T03:41:06Z,2022-07-01T07:20:39Z,,2022-07-04T03:41:07Z,2022-07-04T03:41:06Z,0,0,1,0,0
